country,continent,total_deaths_per_million,people_fully_vaccinated_per_hundred,people_vaccinated_per_hundred,total_vaccinations_per_hundred,gdp_per_capita,median_age,life_expectancy,population_density,diabetes_prevalence,hospital_beds_per_thousand,mortality_risk,mortality_risk_label
Afghanistan,Asia,197.09776,45.270844,47.19545,56.59291,1516.2733154296875,16.75200080871582,65.61699676513672,62.21554946899414,10.899999618530272,0.3899999856948852,0,Low/Medium Risk
Albania,Europe,1275.9874,45.24426,47.717087,109.24284,15492.0673828125,35.94300079345703,78.768798828125,103.19759368896484,10.199999809265137,2.890000104904175,0,Low/Medium Risk
Algeria,Africa,151.30595,14.251447,17.239624,33.5715,11198.2333984375,27.982999801635746,76.12889862060547,19.094181060791016,7.099999904632568,1.899999976158142,0,Low/Medium Risk
American Samoa,Oceania,702.9877,,,,,27.927000045776367,72.7520980834961,241.8249969482422,20.299999237060547,,0,Low/Medium Risk
Andorra,Europe,1994.4307,67.10946,72.643684,197.02466,,42.83200073242188,84.01640319824219,169.62127685546875,9.699999809265137,,0,Low/Medium Risk
Angola,Africa,54.35663,26.965265,46.44487,78.06682,5906.11572265625,16.389999389648438,64.24549865722656,28.58348274230957,4.599999904632568,,0,Low/Medium Risk
Anguilla,North America,844.9514,73.10238,76.45402,175.07393,,37.77299880981445,79.11940002441406,157.8000030517578,,,0,Low/Medium Risk
Antigua and Barbuda,North America,1572.4286,67.187935,69.24071,147.02423,22321.869140625,35.071998596191406,77.4832992553711,211.0227203369141,11.699999809265137,2.890000104904175,0,Low/Medium Risk
Argentina,South America,2881.4146,76.860214,91.45777,257.6171,22461.44140625,31.73900032043457,75.80609893798828,16.59227180480957,5.400000095367432,4.989999771118164,1,High Risk
Armenia,Asia,3049.4155,35.779274,39.95012,78.34131,16057.0068359375,35.814998626708984,74.63330078125,101.19002532958984,5.599999904632568,4.199999809265137,1,High Risk
Aruba,North America,2708.921,78.26926,84.00067,162.26993,41273.61328125,40.766998291015625,76.22579956054688,598.8444213867188,4.300000190734863,,1,High Risk
Australia,Oceania,963.1698,82.62102,84.85075,265.96994,51090.26171875,37.512001037597656,82.76619720458984,3.4062557220458984,6.400000095367432,3.839999914169312,0,Low/Medium Risk
Austria,Europe,2485.9128,73.72863,76.11823,225.80759,55867.18359375,42.83200073242188,81.2958984375,109.84825134277344,4.599999904632568,7.269999980926514,1,High Risk
Azerbaijan,Asia,1005.6038,47.230198,52.191284,134.59639,15094.2841796875,32.0620002746582,74.125,124.56511688232422,5.599999904632568,4.820000171661377,0,Low/Medium Risk
Bahamas,North America,2135.6233,42.0011,43.972713,92.15605,34663.49609375,34.23400115966797,74.49109649658203,39.71448516845703,8.800000190734863,2.9600000381469727,1,High Risk
Bahrain,Asia,1001.6564,80.00182,80.939445,226.7182,51854.71484375,31.683000564575195,80.99210357666016,1941.088623046875,11.300000190734863,1.7400000095367432,0,Low/Medium Risk
Bangladesh,Asia,174.34259,83.95181,89.4455,213.56247,6263.00439453125,24.989999771118164,74.26470184326172,1301.259033203125,14.199999809265137,0.7900000214576721,0,Low/Medium Risk
Barbados,North America,2100.4236,54.91811,58.03722,136.0313,15417.296875,38.652000427246094,75.67610168457031,656.5674438476562,14.0,5.96999979019165,1,High Risk
Belarus,Europe,775.95264,69.931625,71.255,248.17188,19092.111328125,40.19200134277344,74.36119842529297,45.19950866699219,5.599999904632568,10.829999923706056,0,Low/Medium Risk
Belgium,Europe,2949.6262,78.77591,79.55496,270.31345,53287.15234375,41.1510009765625,81.15889739990234,384.4720458984375,3.5999999046325684,5.579999923706055,1,High Risk
Belize,North America,1708.294,54.992664,64.17847,126.90687,9473.7060546875,25.520999908447266,72.19039916992188,17.656335830688477,14.5,1.0399999618530271,0,Low/Medium Risk
Benin,Africa,11.8463545,19.934122,26.870075,30.760847,3435.171630859375,17.645999908447266,60.47510147094727,122.02471923828124,1.100000023841858,,0,Low/Medium Risk
Bermuda,North America,2547.397,73.576546,74.9614,211.13907,81165.6484375,44.70299911499024,82.06159973144531,1199.4814453125,13.0,,1,High Risk
Bhutan,Asia,26.891325,86.778175,89.52455,257.57098,11595.68359375,28.809999465942383,72.75399780273438,20.47511863708496,10.399999618530272,1.7400000095367432,0,Low/Medium Risk
Bolivia,South America,1853.8304,51.01023,60.949844,121.638985,8244.2353515625,24.39200019836425,67.43419647216797,11.148487091064451,5.5,1.2899999618530271,0,Low/Medium Risk
Bonaire Sint Eustatius and Saba,North America,1430.8647,58.407204,66.68877,125.09597,,39.77299880981445,78.15450286865234,88.98757934570312,,,0,Low/Medium Risk
Bosnia and Herzegovina,Europe,5123.2495,26.400383,29.43689,60.064552,16737.2265625,44.55899810791016,76.7771987915039,62.593788146972656,9.100000381469728,3.490000009536743,1,High Risk
Botswana,Africa,1148.0002,68.17876,79.96467,129.99194,15518.6513671875,22.60400009155273,68.74870300292969,4.305215835571289,5.199999809265137,,0,Low/Medium Risk
Brazil,South America,3346.422,83.76549,90.17482,245.46902,15093.46484375,33.50600051879883,74.87190246582031,25.16186714172364,8.800000190734863,2.0899999141693115,1,High Risk
British Virgin Islands,North America,1669.0137,47.621655,50.764095,108.10254,,37.119998931884766,77.177001953125,255.63999938964844,8.699999809265137,,0,Low/Medium Risk
Brunei,Asia,399.67148,98.09827,99.07219,283.9644,58669.90234375,31.275999069213867,72.91709899902344,86.40872955322266,11.100000381469728,2.8499999046325684,0,Low/Medium Risk
Bulgaria,Europe,5681.0405,30.443129,31.583748,69.245674,26961.291015625,44.15399932861328,74.0342025756836,62.87639999389648,7.400000095367432,7.449999809265137,1,High Risk
Burkina Faso,Africa,17.77064,23.245539,27.051752,35.06862,2158.8583984375,17.041000366210938,60.70000076293945,82.2698745727539,2.0999999046325684,,0,Low/Medium Risk
Burundi,Africa,1.126033,0.27265763,0.27707168,0.31718096,708.1782836914062,15.67199993133545,62.88190078735352,518.7344970703125,6.5,0.7900000214576721,0,Low/Medium Risk
Cambodia,Asia,177.65665,85.417465,89.0415,278.03406,4533.8642578125,25.59600067138672,70.52799987792969,97.44913482666016,7.300000190734863,0.8999999761581421,0,Low/Medium Risk
Cameroon,Africa,71.43692,11.570632,13.5843525,17.662262,3723.5322265625,17.62299919128418,62.44279861450195,58.45607376098633,5.5,,0,Low/Medium Risk
Canada,North America,1424.0135,81.80634,89.49461,265.0021,49296.37890625,40.25299835205078,81.24929809570312,4.417178630828857,7.699999809265137,2.5199999809265137,0,Low/Medium Risk
Cape Verde,Africa,802.3088,59.39779,68.63569,165.45262,7379.24755859375,27.32200050354004,75.90679931640625,128.97023010253906,2.0999999046325684,,0,Low/Medium Risk
Cayman Islands,North America,516.6876,84.75911,86.737885,212.46753,71353.890625,37.499000549316406,79.98410034179688,298.375,13.0,,0,Low/Medium Risk
Central African Republic,Africa,22.16539,48.74395,51.00764,65.559494,823.982177734375,14.29800033569336,18.817699432373047,8.183309555053711,5.800000190734863,1.0,0,Low/Medium Risk
Chad,Africa,10.511874,27.202782,27.892593,49.588768,1412.6707763671875,15.10200023651123,54.52750015258789,14.656384468078612,5.800000190734863,,0,Low/Medium Risk
Chile,South America,3216.1763,90.523636,92.51003,341.9669,25886.12109375,35.5260009765625,79.17620086669922,26.29750061035156,10.800000190734863,2.059999942779541,1,High Risk
China,Asia,85.882515,90.12756,92.48145,246.76755,18187.841796875,38.53400039672852,78.20210266113281,151.8052520751953,10.600000381469728,4.309999942779541,0,Low/Medium Risk
Colombia,South America,2760.16,71.90879,83.13468,175.75339,15616.751953125,31.18099975585937,76.50810241699219,46.63176727294922,8.300000190734863,1.7100000381469729,1,High Risk
Comoros,Africa,191.8026,47.60061,52.60486,100.099495,3245.768798828125,20.10199928283692,66.48059844970703,448.248779296875,11.699999809265137,,0,Low/Medium Risk
Congo,Africa,64.45622,10.838571,11.52855,13.806059,3670.19970703125,18.20199966430664,65.00029754638672,17.672340393066406,5.5,,0,Low/Medium Risk
Cook Islands,Oceania,135.6208,99.87116,102.47508,277.03262,,34.10900115966797,75.07869720458984,61.44583511352539,,,0,Low/Medium Risk
Costa Rica,North America,1849.161,85.98951,91.516174,267.16974,22070.921875,33.5359992980957,79.31639862060547,99.5253448486328,8.800000190734863,1.100000023841858,0,Low/Medium Risk
Cote d'Ivoire,Africa,0.0,40.020737,44.64014,83.1187,5537.36962890625,17.992000579833984,61.562198638916016,95.58177185058594,2.0999999046325684,,0,Low/Medium Risk
Croatia,Europe,4813.1177,57.63479,59.457554,139.13292,34302.34765625,44.61100006103516,78.27790069580078,69.81828308105469,4.800000190734863,5.539999961853027,1,High Risk
Cuba,North America,771.26013,90.90253,97.70112,415.88144,,41.505001068115234,77.62909698486328,106.54934692382812,7.599999904632568,5.329999923706055,0,Low/Medium Risk
Curacao,North America,1645.5355,54.42946,58.592392,140.44997,23114.951171875,37.95399856567383,76.72869873046875,417.4549560546875,11.699999809265137,,0,Low/Medium Risk
Cyprus,Europe,1450.4836,69.774,71.37496,201.15326,44996.31640625,37.3390007019043,80.43370056152344,144.08831787109375,8.600000381469727,3.400000095367432,0,Low/Medium Risk
Czechia,Europe,4115.6294,64.60811,65.41614,178.45706,41052.34765625,42.64500045776367,79.16480255126953,138.27767944335938,7.099999904632568,6.619999885559082,1,High Risk
Democratic Republic of Congo,Africa,14.394957,14.062447,16.646704,18.368385,1132.6541748046875,15.765999794006348,60.97890090942383,45.16749954223633,5.800000190734863,,0,Low/Medium Risk
Denmark,Europe,1696.1152,79.82519,80.40999,253.4604,59935.12109375,41.21599960327149,81.29060363769531,147.57252502441406,5.300000190734863,2.5999999046325684,0,Low/Medium Risk
Djibouti,Africa,166.21214,35.28341,37.074368,63.65213,4989.40869140625,24.084999084472656,65.54019927978516,49.05526351928711,7.400000095367432,1.399999976158142,0,Low/Medium Risk
Dominica,North America,1107.0055,45.864437,49.358982,101.19676,11463.59765625,35.29499816894531,71.08059692382812,89.12933349609375,11.699999809265137,3.799999952316284,0,Low/Medium Risk
Dominican Republic,North America,390.3574,54.586662,65.5985,146.30467,19338.015625,27.316999435424805,74.21080017089844,236.2823028564453,10.5,1.559999942779541,0,Low/Medium Risk
East Timor,Asia,100.781494,58.552513,64.76584,148.16325,3943.092529296875,20.63999938964844,67.36840057373047,92.08466339111328,8.600000381469727,,0,Low/Medium Risk
Ecuador,South America,2023.3507,79.94636,86.09671,222.08992,10859.2177734375,27.975000381469727,76.57669830322266,71.76638793945312,4.400000095367432,1.3899999856948853,1,High Risk
Egypt,Africa,220.47935,37.59353,50.53117,100.04909,12780.759765625,23.8129997253418,71.00969696044922,113.1330108642578,20.89999961853028,1.4299999475479126,0,Low/Medium Risk
El Salvador,North America,673.53296,70.025406,74.19961,182.46611,9396.013671875,26.51000022888184,71.96949768066406,303.10406494140625,6.300000190734863,1.2000000476837158,0,Low/Medium Risk
Equatorial Guinea,Africa,101.466606,11.867269,14.976527,27.098682,14918.296875,21.016000747680664,63.35449981689453,64.29764556884766,5.5,,0,Low/Medium Risk
Eritrea,Africa,30.210152,,,,,18.405000686645508,67.78919982910156,28.167768478393555,6.5,0.699999988079071,0,Low/Medium Risk
Estonia,Europe,2530.9368,63.90219,64.45496,160.84225,37711.8203125,41.625,78.16739654541016,31.58112335205078,6.5,4.570000171661377,1,High Risk
Eswatini,Africa,1170.7075,35.058464,43.15702,71.39142,9058.5830078125,21.76799964904785,63.02830123901367,70.86750030517578,4.599999904632568,2.0999999046325684,0,Low/Medium Risk
Ethiopia,Africa,60.406296,34.815372,41.86291,54.916607,2381.165771484375,18.527999877929688,66.89710235595703,111.10001373291016,5.0,0.3300000131130218,0,Low/Medium Risk
Falkland Islands,South America,0.0,50.497868,74.87909,125.37695,,40.935001373291016,79.0447998046875,0.28882497549057,,,0,Low/Medium Risk
Faroe Islands,Europe,518.1443,75.67683,77.19425,192.25745,,37.53799819946289,79.26370239257812,39.44452667236328,,,0,Low/Medium Risk
Fiji,Oceania,962.555,69.73836,77.44217,169.14668,12388.1083984375,27.475000381469727,67.14810180664062,50.324466705322266,17.700000762939453,2.0,0,Low/Medium Risk
Finland,Europe,2058.7866,78.054924,81.236206,239.29614,49275.15234375,42.5260009765625,81.24349975585938,18.323217391967773,6.099999904632568,3.609999895095825,1,High Risk
France,Europe,2616.8135,80.257324,82.49821,238.48257,45904.41015625,41.56700134277344,82.47530364990234,121.04203033447266,5.300000190734863,5.909999847412109,1,High Risk
French Guiana,South America,1384.4241,,,,,25.23500061035156,76.79419708251953,3.60245132446289,,,0,Low/Medium Risk
French Polynesia,Oceania,2318.216,66.62304,68.08708,179.37715,,34.15999984741211,83.8593978881836,80.78018188476562,25.200000762939453,,1,High Risk
Gabon,Africa,126.29847,10.592245,12.804443,23.559477,13939.787109375,21.475000381469727,67.71299743652344,9.43357753753662,5.5,,0,Low/Medium Risk
Gambia,Africa,141.09766,20.451042,25.576376,54.788822,2113.61474609375,17.985000610351562,64.85900115966797,260.5209350585937,1.899999976158142,1.100000023841858,0,Low/Medium Risk
Georgia,Asia,4519.6274,33.62968,43.59945,77.229126,17078.341796875,36.63399887084961,74.14089965820312,54.60903549194336,5.699999809265137,2.890000104904175,1,High Risk
Germany,Europe,2080.9473,75.596375,77.15449,229.81345,53969.625,45.02399826049805,80.57959747314453,240.66580200195312,6.900000095367432,8.0,1,High Risk
Ghana,Africa,44.133858,32.519695,41.82365,77.30161,5480.330078125,20.73600006103516,65.24600219726562,145.68942260742188,2.5999999046325684,0.8999999761581421,0,Low/Medium Risk
Gibraltar,Europe,3002.8435,110.18841,112.07515,352.9271,,38.948001861572266,83.5167007446289,3763.10009765625,,,1,High Risk
Greece,Europe,3864.4968,73.44144,76.23573,215.7793,31704.42578125,45.39099884033203,79.94409942626953,80.77952575683594,6.400000095367432,4.199999809265137,1,High Risk
Greenland,North America,374.90628,68.75246,73.60124,142.3537,,33.92399978637695,70.0519027709961,0.1364697217941284,3.299999952316284,,0,Low/Medium Risk
Grenada,North America,2035.4407,33.38294,37.836105,77.55713,14462.9365234375,32.88600158691406,75.15080261230469,343.9058837890625,12.600000381469728,3.569999933242798,1,High Risk
Guadeloupe,North America,2654.0022,,,,,45.86299896240234,80.90540313720703,237.47036743164065,,,1,High Risk
Guam,Oceania,2536.427,,,,,30.979999542236328,77.10150146484375,305.9129638671875,19.100000381469727,,1,High Risk
Guatemala,North America,1132.0674,39.953743,50.078354,114.20672,9162.052734375,22.24399948120117,71.2063980102539,166.5535430908203,13.100000381469728,0.4399999976158142,0,Low/Medium Risk
Guernsey,Europe,1050.9803,82.68235,85.05569,280.0392,,43.880001068115234,83.10800170898438,,,,0,Low/Medium Risk
Guinea,Africa,33.297436,41.650185,62.010365,85.73031,2699.12890625,17.836000442504883,60.43159866333008,57.199806213378906,2.0999999046325684,0.3000000119209289,0,Low/Medium Risk
Guinea-Bissau,Africa,84.06415,26.0094,35.480625,43.730072,1855.1119384765625,18.732999801635746,63.60449981689453,74.87677764892578,2.0999999046325684,,0,Low/Medium Risk
Guyana,South America,1596.8103,46.797615,60.555866,117.796524,35634.6875,25.304000854492188,69.88849639892578,4.173929214477539,11.699999809265137,1.7100000381469729,0,Low/Medium Risk
Haiti,North America,74.759186,3.1845589,4.5324583,5.9120955,2799.112548828125,23.25,63.94829940795898,417.4021301269531,8.899999618530273,0.7099999785423279,0,Low/Medium Risk
Honduras,North America,1062.1299,55.94186,63.037926,163.17906,5709.1240234375,23.20599937438965,72.71510314941406,93.51934814453124,5.099999904632568,0.6399999856948853,0,Low/Medium Risk
Hong Kong,Asia,0.0,91.124664,92.68869,281.44437,58478.8828125,45.59099960327149,83.48529815673828,7110.3935546875,7.800000190734863,,0,Low/Medium Risk
Hungary,Europe,5072.536,64.090385,66.29646,172.4567,35356.77734375,42.99300003051758,76.21179962158203,106.1177749633789,7.0,7.010000228881836,1,High Risk
Iceland,Europe,489.00012,78.32783,81.43955,237.51314,55567.4375,35.74700164794922,81.58769989013672,3.772369384765625,5.5,2.8299999237060547,0,Low/Medium Risk
India,Asia,374.51825,66.78652,72.07957,154.82195,7112.03955078125,27.68400001525879,71.69840240478516,479.425537109375,9.600000381469728,0.5299999713897705,0,Low/Medium Risk
Indonesia,Asia,581.20966,62.749634,73.31313,160.74275,12409.7587890625,29.56100082397461,70.92459869384766,147.33016967773438,10.600000381469728,1.0399999618530271,0,Low/Medium Risk
Iran,Asia,1640.1925,65.44067,72.82924,173.65324,15461.0791015625,32.340999603271484,76.79930114746094,55.17673110961914,9.100000381469728,1.559999942779541,0,Low/Medium Risk
Iraq,Asia,575.78125,18.0274,25.715412,44.37739,9199.0205078125,20.093000411987305,72.03710174560547,101.51512145996094,10.699999809265137,1.3200000524520874,0,Low/Medium Risk
Ireland,Europe,1912.5188,79.5611,80.47407,218.16533,112445.421875,37.99700164794922,82.05049896240234,74.17643737792969,3.0,2.970000028610229,0,Low/Medium Risk
Isle of Man,Europe,1378.5236,79.74759,82.66388,225.78552,,45.47600173950195,80.95610046386719,147.62806701660156,6.300000190734863,,0,Low/Medium Risk
Israel,Asia,1395.8915,70.14864,77.50582,207.0995,44393.30078125,29.086000442504883,82.81449890136719,420.6628112792969,8.5,2.9800000190734863,0,Low/Medium Risk
Italy,Europe,3329.8555,83.00122,85.436905,252.13652,44292.19140625,47.11600112915039,82.052001953125,201.6086578369141,6.400000095367432,3.140000104904175,1,High Risk
Jamaica,North America,1279.9606,26.796753,30.28276,53.858128,10107.865234375,31.152999877929688,71.48090362548828,262.1560363769531,11.100000381469728,1.7200000286102295,0,Low/Medium Risk
Japan,Asia,597.56354,82.76578,83.79367,346.692,41837.91015625,48.54800033569336,84.0541000366211,342.92889404296875,6.599999904632568,12.979999542236328,0,Low/Medium Risk
Jersey,Europe,1555.6608,79.11839,81.51759,257.94305,,42.867000579833984,79.72570037841797,,,,0,Low/Medium Risk
Jordan,Asia,1254.5897,40.495773,42.83461,89.35443,9490.6669921875,23.94300079345703,77.08799743652344,126.76834869384766,15.399999618530272,1.4700000286102295,0,Low/Medium Risk
Kazakhstan,Asia,951.9526,53.0535,54.196712,191.4467,26093.294921875,29.347999572753903,73.50279998779297,7.421051502227783,6.599999904632568,6.059999942779541,0,Low/Medium Risk
Kenya,Africa,104.86161,20.442282,26.716526,43.777615,4881.53173828125,19.27199935913086,63.54909896850586,95.32357025146484,4.0,,0,Low/Medium Risk
Kiribati,Oceania,183.932,62.44032,77.32808,168.589,2002.71826171875,22.52899932861328,66.2686996459961,161.09011840820312,22.100000381469727,1.8600000143051147,0,Low/Medium Risk
Kosovo,Europe,1869.6703,48.027126,52.787216,106.955734,12675.068359375,30.808000564575195,77.62329864501953,,,,0,Low/Medium Risk
Kuwait,Asia,559.97217,72.90916,75.33473,180.00209,49400.35546875,33.4630012512207,78.78810119628906,257.5484924316406,24.89999961853028,2.039999961853028,0,Low/Medium Risk
Kyrgyzstan,Asia,147.21544,20.2136,24.965395,52.63721,5070.150390625,24.975000381469727,71.48699951171875,36.26586151123047,6.599999904632568,4.409999847412109,0,Low/Medium Risk
Laos,Asia,88.768265,69.08865,77.902405,146.99106,7947.65869140625,23.972000122070312,68.71520233154297,32.75133514404297,6.199999809265137,1.5,0,Low/Medium Risk
Latvia,Europe,4104.0713,69.4277,71.565216,158.40141,32992.3828125,42.94599914550781,74.87059783935547,30.227527618408203,5.900000095367432,5.489999771118164,1,High Risk
Lebanon,Asia,1905.6515,42.026745,47.701817,101.22216,12986.9130859375,28.106000900268555,78.00289916992188,561.533935546875,8.0,2.7300000190734863,0,Low/Medium Risk
Lesotho,Africa,310.13354,41.03421,44.357975,58.575302,2240.33935546875,21.263999938964844,56.8119010925293,75.30013275146484,4.599999904632568,,0,Low/Medium Risk
Liberia,Africa,54.71501,69.43534,72.65189,83.01547,1460.92333984375,18.18000030517578,61.934200286865234,55.785892486572266,2.0999999046325684,,0,Low/Medium Risk
Libya,Africa,891.0818,17.111511,32.065197,51.76162,19796.587890625,26.91699981689453,74.46150207519531,4.105506896972656,8.699999809265137,3.200000047683716,0,Low/Medium Risk
Liechtenstein,Europe,2262.4434,,68.05379,188.96996,,44.01399993896485,83.40540313720703,245.8625030517578,6.099999904632568,,1,High Risk
Lithuania,Europe,3522.638,66.77875,69.51908,163.4712,39955.24609375,42.632999420166016,74.69599914550781,44.991580963134766,5.800000190734863,6.429999828338623,1,High Risk
Luxembourg,Europe,1530.6552,5.796285,73.770996,210.39575,117746.9921875,38.67599868774414,82.20069885253906,253.7677764892578,5.900000095367432,4.260000228881836,0,Low/Medium Risk
Macao,Asia,0.0,91.18433,96.499374,255.97493,51840.140625,37.83100128173828,82.10250091552734,21344.2421875,7.800000190734863,,0,Low/Medium Risk
Madagascar,Africa,46.91618,8.636944,8.904759,10.158809,1502.482177734375,18.718000411987305,63.06769943237305,52.315677642822266,4.599999904632568,,0,Low/Medium Risk
Malawi,Africa,130.58656,20.847246,26.416496,41.344086,1466.87939453125,17.334999084472656,66.03700256347656,218.1664276123047,7.300000190734863,1.2999999523162842,0,Low/Medium Risk
Malaysia,Asia,1076.5375,79.40842,81.101494,209.41411,28383.619140625,29.57299995422364,75.44419860839844,105.60186767578124,19.0,1.8799999952316284,0,Low/Medium Risk
Maldives,Asia,602.92,73.488884,76.18695,181.59415,21271.318359375,30.339000701904297,80.7594985961914,1747.0533447265625,9.199999809265137,,0,Low/Medium Risk
Mali,Africa,32.20264,15.748474,18.8721,25.669298,2132.623291015625,15.348999977111816,60.034698486328125,18.909055709838867,2.0999999046325684,,0,Low/Medium Risk
Malta,Europe,2118.5398,89.27875,90.677475,266.71887,48641.8515625,39.74599838256836,82.24960327148438,1650.606201171875,8.0,4.489999771118164,1,High Risk
Marshall Islands,Oceania,424.0036,,,,6004.3427734375,20.96500015258789,66.72450256347656,222.74444580078125,23.0,,0,Low/Medium Risk
Martinique,North America,3159.1418,,,,,48.23899841308594,80.8364028930664,329.6811218261719,,,1,High Risk
Mauritania,Africa,204.48581,31.597816,43.148228,83.59663,5330.21435546875,16.992000579833984,68.28070068359375,4.730420112609863,2.0999999046325684,,0,Low/Medium Risk
Mauritius,Africa,841.60443,85.26863,88.06074,204.99509,22841.349609375,36.51300048828125,73.54450225830078,639.0255126953125,22.600000381469727,3.400000095367432,0,Low/Medium Risk
Mayotte,Africa,612.55444,,,,,16.697999954223633,75.1272964477539,816.2540283203125,,,0,Low/Medium Risk
Mexico,North America,2605.473,63.640446,75.55955,173.51184,20254.78125,28.527999877929688,73.97309875488281,66.16070556640625,16.899999618530273,0.9800000190734864,1,High Risk
Micronesia (country),Oceania,552.9691,,,,3263.665283203125,22.607999801635746,66.96060180664062,160.17428588867188,15.600000381469728,,0,Low/Medium Risk
Moldova,Europe,4042.7817,35.492302,36.49767,75.43081,13308.4169921875,37.47800064086914,71.54650115966797,92.2046127319336,5.599999904632568,5.659999847412109,1,High Risk
Monaco,Europe,1720.154,65.8973,74.13351,184.67009,,54.97499847412109,85.74639892578125,18690.01953125,6.199999809265137,13.800000190734863,0,Low/Medium Risk
Mongolia,Asia,630.83,64.53846,67.45445,167.39867,12073.2451171875,26.617000579833984,71.50489807128906,2.173996686935425,6.900000095367432,8.0,0,Low/Medium Risk
Montenegro,Europe,4317.9116,46.346615,47.63418,110.497375,22108.73046875,39.08000183105469,75.92140197753906,45.69881057739258,9.100000381469728,3.859999895095825,1,High Risk
Montserrat,North America,1787.31,43.610367,47.006256,103.19482,,41.3849983215332,76.0376968383789,44.7599983215332,,,0,Low/Medium Risk
Morocco,Africa,436.791,63.012527,67.02596,148.38196,8083.365234375,28.875,75.1613998413086,83.64119720458984,9.100000381469728,1.0,0,Low/Medium Risk
Mozambique,Africa,68.960785,65.31598,70.03147,107.02658,1250.7724609375,16.249000549316406,63.01150131225586,41.527305603027344,3.299999952316284,0.699999988079071,0,Low/Medium Risk
Myanmar,Asia,362.63324,66.85257,77.29614,173.88892,4249.8759765625,29.2509994506836,66.50579833984375,82.36442565917969,7.099999904632568,1.0399999618530271,0,Low/Medium Risk
Namibia,Africa,1422.3087,19.067173,21.793749,34.81151,9762.77734375,20.825000762939453,64.19029998779297,3.5099029541015625,6.699999809265137,,0,Low/Medium Risk
Nauru,Oceania,84.58806,95.97361,110.86111,272.00983,11024.3427734375,20.57299995422364,61.93040084838867,591.0999755859375,23.39999961853028,,0,Low/Medium Risk
Nepal,Asia,404.97473,82.35129,93.83405,210.7579,4001.699951171875,24.356000900268555,70.08689880371094,207.2928771972656,8.699999809265137,0.3000000119209289,0,Low/Medium Risk
Netherlands,Europe,1283.817,65.73038,70.2736,222.09142,59249.16796875,41.4630012512207,81.91210174560547,531.7618408203125,4.5,3.1700000762939453,0,Low/Medium Risk
New Caledonia,Oceania,1093.5813,64.36666,66.99927,167.41615,,33.5890007019043,77.69830322265625,15.707330703735352,23.39999961853028,,0,Low/Medium Risk
New Zealand,Oceania,884.302,83.63098,83.83779,260.78094,45185.3125,37.06800079345703,81.006103515625,19.48931312561035,6.199999809265137,2.569999933242798,0,Low/Medium Risk
Nicaragua,North America,36.40058,91.026825,95.15444,230.40472,5822.353515625,24.91200065612793,74.46260070800781,55.93038177490234,9.300000190734863,0.9300000071525574,0,Low/Medium Risk
Niger,Africa,12.444701,21.661686,24.685875,29.125374,1274.6417236328125,15.10200023651123,60.39810180664063,19.98261451721192,5.199999809265137,0.3899999856948852,0,Low/Medium Risk
Nigeria,Africa,14.138414,36.431763,42.047527,59.622444,4963.16015625,17.566999435424805,54.07899856567383,245.01345825195312,3.5999999046325684,,0,Low/Medium Risk
Niue,Oceania,0.0,88.66595,88.828636,266.97397,,36.72100067138672,69.81819915771484,7.092307567596436,,,0,Low/Medium Risk
North Korea,Asia,0.0,,,,,35.80500030517578,73.64109802246094,218.65994262695312,8.600000381469727,13.199999809265137,0,Low/Medium Risk
North Macedonia,Europe,5429.195,45.547474,46.438065,101.236305,17128.759765625,39.90999984741211,76.64550018310547,72.96733093261719,6.099999904632568,4.28000020980835,1,High Risk
Northern Mariana Islands,Oceania,889.3516,,,,,35.17900085449219,78.53119659423828,100.21956634521484,23.39999961853028,,0,Low/Medium Risk
Norway,Europe,1050.4332,74.42668,79.66204,238.6133,67296.15625,39.43600082397461,82.63089752197266,14.98008632659912,3.5999999046325684,3.5299999713897705,0,Low/Medium Risk
Oman,Asia,978.3881,64.45409,69.33347,150.27913,35336.89453125,28.972999572753903,77.91059875488281,15.283453941345217,13.800000190734863,1.4700000286102295,0,Low/Medium Risk
Pakistan,Asia,125.79366,57.64279,67.93904,139.91515,5376.966796875,20.14800071716309,67.41670227050781,316.1330871582031,30.799999237060547,0.6299999952316284,0,Low/Medium Risk
Palau,Oceania,562.3032,,,,14112.66796875,37.48400115966797,68.92220306396484,38.66086959838867,17.0,,0,Low/Medium Risk
Palestine,Asia,1075.9105,33.49446,37.938984,70.65744,5722.4091796875,19.604999542236328,76.66239929199219,880.5433959960938,9.199999809265137,,0,Low/Medium Risk
Panama,North America,2006.4647,72.23046,85.1223,209.08308,33266.4765625,29.27300071716309,79.3240966796875,59.325626373291016,8.199999809265137,2.25,1,High Risk
Papua New Guinea,Oceania,65.665825,3.1479607,3.744128,7.230052,3752.945068359375,22.12700080871582,65.27359771728516,22.530532836914062,16.700000762939453,,0,Low/Medium Risk
Paraguay,South America,2940.6284,52.521175,59.107147,147.2511,13531.396484375,26.045000076293945,72.31849670410156,17.016008377075195,7.5,0.8299999833106995,1,High Risk
Peru,South America,6603.8574,85.76331,91.301895,273.0736,12743.9423828125,29.09600067138672,76.83399963378906,26.15268516540528,4.800000190734863,1.590000033378601,1,High Risk
Philippines,Asia,586.70984,68.83203,72.5532,166.11964,8581.9375,24.86599922180176,69.47229766845703,382.212646484375,7.099999904632568,0.9900000095367432,0,Low/Medium Risk
Pitcairn,Oceania,0.0,,,,,,,,,,0,Low/Medium Risk
Poland,Europe,3151.6658,59.15184,59.877827,152.751,37706.60546875,40.86399841308594,77.92289733886719,125.40259552001952,6.800000190734863,6.539999961853027,1,High Risk
Portugal,Europe,2845.6167,85.53044,94.28189,271.81143,35767.72265625,45.805999755859375,81.193603515625,113.71656036376952,9.100000381469728,3.450000047683716,1,High Risk
Puerto Rico,North America,1832.1664,,,,34297.93359375,45.196998596191406,79.4269027709961,365.38580322265625,13.300000190734863,,0,Low/Medium Risk
Qatar,Asia,238.55077,98.60714,98.60714,263.06888,96557.8125,32.45800018310547,81.85659790039062,251.73768615722656,19.5,1.25,0,Low/Medium Risk
Reunion,Africa,1056.7465,,,,,37.06499862670898,81.5,347.2283020019531,,,0,Low/Medium Risk
Romania,Europe,3604.936,42.337685,28.562483,87.79508,32495.908203125,42.39099884033203,75.26139831542969,83.3048324584961,6.5,6.889999866485596,1,High Risk
Russia,Europe,2777.1006,54.74822,61.19087,128.70906,27450.44921875,39.07099914550781,72.51740264892578,8.889359474182129,5.599999904632568,7.119999885559082,1,High Risk
Rwanda,Africa,107.53771,76.182304,79.735504,200.14658,2364.802001953125,19.21999931335449,67.52799987792969,553.3451538085938,6.5,,0,Low/Medium Risk
Saint Barthelemy,North America,456.7044,,,,,38.70700073242188,84.28050231933594,,,,0,Low/Medium Risk
Saint Helena,Africa,0.0,65.76643,81.225555,146.99199,,50.2140007019043,76.73519897460938,13.766666412353516,,,0,Low/Medium Risk
Saint Kitts and Nevis,North America,984.33624,57.776257,72.314476,137.58667,28770.138671875,34.97100067138672,70.31310272216797,179.73846435546875,16.100000381469727,2.299999952316284,0,Low/Medium Risk
Saint Lucia,North America,2293.1418,30.74544,33.636475,68.78139,15100.2861328125,33.316001892089844,72.6698989868164,293.1049194335937,11.699999809265137,1.2999999523162842,1,High Risk
Saint Martin (French part),North America,1591.7506,,,,,38.400001525878906,80.2354965209961,577.97998046875,,,0,Low/Medium Risk
Saint Pierre and Miquelon,North America,347.22223,,,,,45.98899841308594,76.69869995117188,25.04347801208496,,,0,Low/Medium Risk
Saint Vincent and the Grenadines,North America,1214.9359,30.992622,36.773365,71.958496,14572.607421875,33.632999420166016,71.19059753417969,261.70001220703125,8.0,2.400000095367432,0,Low/Medium Risk
Samoa,Oceania,144.0052,82.66549,88.912994,210.47197,5155.6201171875,20.090999603271484,71.55030059814453,77.43524932861328,9.199999809265137,,0,Low/Medium Risk
San Marino,Europe,3693.6064,69.27857,77.2638,203.25975,61609.01171875,46.78200149536133,85.70819854736328,568.5499877929688,7.400000095367432,3.799999952316284,1,High Risk
Sao Tome and Principe,Africa,353.49274,49.482796,61.974346,116.592064,3438.85986328125,18.86899948120117,69.23680114746094,235.74270629882807,5.5,2.900000095367432,0,Low/Medium Risk
Saudi Arabia,Asia,299.7947,79.047905,84.043724,213.00352,50188.296875,28.731000900268555,77.30979919433594,14.967437744140623,18.700000762939453,2.240000009536743,0,Low/Medium Risk
Senegal,Africa,111.72109,8.77376,15.209795,18.028952,3564.628173828125,18.88800048828125,67.78839874267578,91.6797332763672,3.0999999046325684,,0,Low/Medium Risk
Serbia,Europe,2658.8762,48.271156,49.38844,125.67248,20885.888671875,43.67499923706055,75.47779846191406,80.76126861572266,9.100000381469728,5.610000133514404,1,High Risk
Seychelles,Africa,1370.1576,66.56815,70.51532,178.88364,25205.736328125,33.38800048828125,71.24810028076172,272.8978271484375,8.5,3.5999999046325684,0,Low/Medium Risk
Sierra Leone,Africa,15.102439,59.949265,68.578636,110.62157,1634.7637939453125,19.040000915527344,61.27479934692383,114.66900634765624,2.0999999046325684,,0,Low/Medium Risk
Singapore,Asia,358.23718,92.89906,93.57716,270.84662,108036.109375,34.87799835205078,82.92109680175781,7868.9248046875,11.600000381469728,2.490000009536743,0,Low/Medium Risk
Sint Maarten (Dutch part),North America,2182.0078,63.498802,70.64962,158.50153,41942.91796875,41.47999954223633,76.1803970336914,1240.0882568359375,,,1,High Risk
Slovakia,Europe,3909.0513,51.00697,51.889565,131.95912,33176.18359375,40.90399932861328,77.03559875488281,113.83516693115234,5.800000190734863,5.699999809265137,1,High Risk
Slovenia,Europe,4686.9585,57.782104,59.84226,143.17113,41015.2265625,43.49700164794922,80.79329681396484,105.0451431274414,5.800000190734863,4.429999828338623,1,High Risk
Solomon Islands,Oceania,254.77707,32.56435,44.018948,80.14032,2247.784912109375,20.030000686645508,70.40859985351562,27.905502319335938,19.799999237060547,1.399999976158142,0,Low/Medium Risk
Somalia,Africa,76.45254,43.06752,50.400066,59.296127,1448.5567626953125,15.371000289916992,53.93149948120117,28.37678909301757,6.5,0.8700000047683716,0,Low/Medium Risk
South Africa,Africa,1644.7195,33.727688,38.81303,67.00845,13478.75390625,27.91900062561035,65.45359802246094,51.42109680175781,10.800000190734863,,0,Low/Medium Risk
South Korea,Asia,693.9408,85.64171,86.44801,250.36981,45560.125,43.94400024414063,82.72699737548828,530.5585327148438,6.800000190734863,12.43000030517578,0,Low/Medium Risk
South Sudan,Africa,13.337961,38.773117,39.153057,39.610542,,17.59000015258789,57.202598571777344,17.440500259399414,6.5,,0,Low/Medium Risk
Spain,Europe,2548.2776,85.17771,86.45751,249.28398,40223.01171875,44.391998291015625,82.36609649658203,95.70783233642578,10.300000190734863,2.970000028610229,1,High Risk
Sri Lanka,Asia,740.39966,64.60631,75.0768,175.68054,12200.1376953125,32.56100082397461,77.29959869384766,369.1394348144531,11.300000190734863,4.150000095367432,0,Low/Medium Risk
Sudan,Africa,102.1802,27.167852,30.794699,58.040028,3570.607421875,18.1200008392334,65.69499969482422,26.436479568481445,18.89999961853028,0.7400000095367432,0,Low/Medium Risk
Suriname,South America,2256.199,38.172287,42.9769,88.99437,15047.6142578125,27.864999771118164,73.25379943847656,3.994692325592041,12.699999809265137,3.0,1,High Risk
Sweden,Europe,2798.7092,72.40806,74.14397,269.97153,55359.34375,39.72800064086914,83.0459976196289,25.74946975708008,5.0,2.140000104904175,1,High Risk
Switzerland,Europe,1611.6594,,69.3447,192.67935,72278.2109375,41.96099853515625,83.20030212402344,222.53257751464844,4.599999904632568,4.630000114440918,0,Low/Medium Risk
Syria,Asia,140.81453,10.499275,14.671913,22.663126,,21.58799934387207,72.78980255126953,122.32298278808594,14.899999618530272,1.399999976158142,0,Low/Medium Risk
Taiwan,Asia,0.0,88.783066,93.50615,291.02765,,42.91699981689453,80.15689849853516,661.3981323242188,,,0,Low/Medium Risk
Tajikistan,Asia,12.276292,50.99001,52.329185,202.00061,4137.27783203125,21.742000579833984,71.5624008178711,73.3642807006836,6.599999904632568,4.670000076293945,0,Low/Medium Risk
Tanzania,Africa,13.073345,49.706203,53.212738,60.873604,2623.861572265625,17.124000549316406,66.87860107421875,73.0546646118164,12.300000190734863,,0,Low/Medium Risk
Thailand,Asia,487.80713,74.56032,79.46643,198.83513,17507.62109375,39.19400024414063,75.29129791259766,140.41246032714844,9.699999809265137,,0,Low/Medium Risk
Togo,Africa,35.941727,19.260626,27.954967,42.425877,2202.726806640625,18.113000869750977,62.289798736572266,148.347412109375,2.0999999046325684,0.699999988079071,0,Low/Medium Risk
Tokelau,Oceania,0.0,95.28547,95.28547,232.43945,,26.55500030517578,76.88700103759766,231.1999969482422,,,0,Low/Medium Risk
Tonga,Oceania,123.74706,73.66758,83.1723,194.88925,6142.96337890625,20.72599983215332,72.63529968261719,145.90695190429688,15.0,,0,Low/Medium Risk
Transnistria,Europe,0.0,,,,,,,,,,0,Low/Medium Risk
Trinidad and Tobago,North America,2934.643,48.061897,50.430336,106.43248,23295.546875,36.22600173950195,73.33080291748047,291.6029357910156,12.699999809265137,3.0199999809265137,1,High Risk
Tunisia,Africa,2427.773,52.823357,73.41035,136.58615,10569.05078125,31.74399948120117,76.05049896240234,78.00809478759766,9.600000381469728,2.180000066757202,1,High Risk
Turkey,Asia,1164.9528,61.081894,66.554184,175.21942,33149.5,32.071998596191406,77.59130096435547,113.11730194091795,14.5,2.8499999046325684,0,Low/Medium Risk
Turkmenistan,Asia,0.0,63.19193,63.82771,232.02646,14740.009765625,25.93099975585937,69.91329956054688,15.385689735412598,6.699999809265137,4.03000020980835,0,Low/Medium Risk
Turks and Caicos Islands,North America,893.84985,66.95154,71.540695,161.12625,20718.388671875,37.86600112915039,77.9176025390625,48.28315734863281,,,0,Low/Medium Risk
Tuvalu,Oceania,99.88014,94.93607,97.512985,267.509,4591.33056640625,24.256000518798828,66.85160064697266,333.7333374023437,20.299999237060547,,0,Low/Medium Risk
Uganda,Africa,76.76583,27.605951,42.34208,55.81361,2280.07373046875,16.33799934387207,67.67469787597656,235.9501190185547,4.599999904632568,,0,Low/Medium Risk
Ukraine,Europe,2678.2046,38.347157,39.628956,87.056175,10731.4404296875,41.45100021362305,72.658203125,70.84703063964844,5.599999904632568,7.460000038146973,1,High Risk
United Arab Emirates,Asia,229.34784,95.60813,97.54937,243.3299,74917.671875,30.902999877929688,80.48680114746094,144.21409606933594,16.399999618530273,1.3799999952316284,0,Low/Medium Risk
United Kingdom,Europe,3404.4343,74.43005,78.91978,221.83975,47587.16796875,39.50400161743164,81.07440185546875,281.814208984375,6.300000190734863,2.4600000381469727,1,High Risk
United States,North America,3618.6292,67.52983,79.1216,198.14388,64623.125,37.720001220703125,77.97889709472656,37.33665084838867,10.699999809265137,2.869999885559082,1,High Risk
United States Virgin Islands,North America,1525.6411,,,,,44.57099914550781,75.0448989868164,247.20285034179688,12.399999618530272,,0,Low/Medium Risk
Uruguay,South America,2269.5952,85.616646,88.780334,266.5211,24426.66015625,35.49599838256836,76.46820068359375,19.374431610107425,9.0,2.430000066757202,1,High Risk
Uzbekistan,Asia,29.079292,52.81149,63.237354,240.24176,8073.21044921875,26.836000442504883,72.14649963378906,79.2890396118164,7.0,3.9800000190734863,0,Low/Medium Risk
Vanuatu,Oceania,44.71972,51.82696,56.418396,117.113914,2785.90380859375,20.121000289916992,71.30159759521484,25.681787490844727,15.600000381469728,,0,Low/Medium Risk
Vatican,Europe,0.0,,,,,59.875,83.33540344238281,1165.9090576171875,,,0,Low/Medium Risk
Venezuela,South America,207.56378,53.048817,78.5355,134.19691,,28.809999465942383,72.56559753417969,31.98573303222656,9.600000381469728,0.8700000047683716,0,Low/Medium Risk
Vietnam,Asia,433.44418,86.23695,90.7876,267.34592,11396.53125,31.9379997253418,74.50250244140625,318.0326538085937,6.099999904632568,2.5999999046325684,0,Low/Medium Risk
Wallis and Futuna,Oceania,782.54065,59.15138,62.168507,157.01244,,36.5989990234375,78.50050354003906,82.1500015258789,,,0,Low/Medium Risk
Western Sahara,Africa,0.0,,,,,31.69799995422364,71.14320373535156,2.1381428241729736,,,0,Low/Medium Risk
Yemen,Asia,56.484497,2.1114502,2.7475743,3.397583,,18.11800003051757,67.95169830322266,72.39592742919922,5.400000095367432,0.7099999785423279,0,Low/Medium Risk
Zambia,Africa,202.35266,45.719406,58.113445,67.561905,3365.873779296875,17.288000106811523,65.27909851074219,27.10950469970703,11.899999618530272,,0,Low/Medium Risk
Zimbabwe,Africa,357.2082,35.236153,46.83461,86.72014,2207.95703125,17.683000564575195,62.36009979248047,41.53822326660156,2.0999999046325684,1.7000000476837158,0,Low/Medium Risk
